categorias,distancia coseno
cardiovascular,0.6951324343681335
respiratory,0.6707014739513397
gastric,0.5517648160457611
immunologic,0.7576093375682831
trauma,0.7032186686992645
neurologic,0.6265192329883575
genetic,0.8496994972229004
cancer,0.7117686569690704
hormonal,0.5615406632423401
epidemiology,0.7714352160692215
