categorias,distancia coseno
cardiovascular,0.5076513886451721
respiratory,0.6828794181346893
gastric,0.618632435798645
immunologic,0.66453617811203
trauma,0.7026783525943756
neurologic,0.6257721483707428
genetic,0.6876320838928223
cancer,0.1522940993309021
hormonal,0.7028585970401764
epidemiology,0.631780594587326
