categorias,distancia coseno
cardiovascular,0.9345779269933701
respiratory,0.9428765401244164
gastric,0.8924782797694206
immunologic,0.9568921737372875
trauma,0.9196368753910065
neurologic,0.9218635410070419
genetic,0.9274318292737007
cancer,0.9502583555877209
hormonal,0.8904943764209747
epidemiology,0.9413482435047626
