categorias,distancia coseno
cardiovascular,0.886545792222023
respiratory,0.8899904862046242
gastric,0.9486412554979324
immunologic,0.8738722950220108
trauma,0.8100264966487885
neurologic,0.898850254714489
genetic,0.8422203958034515
cancer,0.8644708395004272
hormonal,0.8423822373151779
epidemiology,0.8721855580806732
